清华大学,2,985,清华
清华大学,2,985,Tsinghua University
清华大学,2,985,THU
北京大学,1,985,北大
北京大学,1,985,Beijing University
北京大学,1,985,PKU
中国科学技术大学,14,985,中国科大
中国科学技术大学,14,985,中科大
中国科学技术大学,14,985,China Science & Technology University
中国科学技术大学,14,985,USTC
复旦大学,5,985,复旦
复旦大学,5,985,Fudan University
复旦大学,5,985,FDU
中国人民大学,15,985,人大
中国人民大学,15,985,人民大学
中国人民大学,15,985,Renmin University Of China
中国人民大学,15,985,RUC
上海交通大学,4,985,上海交大
上海交通大学,4,985,Shanghai Jiao Tong University
上海交通大学,4,985,SJTU
南京大学,11,985,南大
南京大学,11,985,Nanjing University
南京大学,11,985,NJU
同济大学,17,985,同济
同济大学,17,985,Tongji University
同济大学,17,985,Tongji
浙江大学,3,985,浙大
浙江大学,3,985,Zhejiang University
浙江大学,3,985,ZJU
南开大学,27,985,南开
南开大学,27,985,Nankai University
南开大学,27,985,NKU
北京航空航天大学,21,985,北航
北京航空航天大学,21,985,Beihang University
北京航空航天大学,21,985,BUAA
北京师范大学,23,985,北师
北京师范大学,23,985,北师大
北京师范大学,23,985,Beijing Normal University
北京师范大学,23,985,BNU
武汉大学,6,985,武大
武汉大学,6,985,Wuhan University
武汉大学,6,985,WHU
西安交通大学,13,985,西安交大
西安交通大学,13,985,Xi’an Jiaotong University
西安交通大学,13,985,XJTU
天津大学,22,985,天大
天津大学,22,985,University Of Tianjin
天津大学,22,985,TJU
华中科技大学,8,985,华中大
华中科技大学,8,985,Central China University Science and Technology
华中科技大学,8,985,HUST
北京理工大学,24,985,北理
北京理工大学,24,985,Beijing Institute of Technology
北京理工大学,24,985,BIT
东南大学,20,985,东大
东南大学,20,985,Southeast China University
东南大学,20,985,SEU
中山大学,9,985,中大
中山大学,9,985,Zhongshan University
中山大学,9,985,SYSU
华东师范大学,30,985,华师大
华东师范大学,30,985,East China Normal University
华东师范大学,30,985,ECNU
哈尔滨工业大学,10,985,哈工大
哈尔滨工业大学,10,985,Harbin Institute Of Technology
哈尔滨工业大学,10,985,HIT
厦门大学,28,985,厦大
厦门大学,28,985,Xiamen University
厦门大学,28,985,XMU
西北工业大学,31,985,西工大
西北工业大学,31,985,西北工大
西北工业大学,31,985,Northwestern Polytechnical University
西北工业大学,31,985,NPU
中南大学,19,985,中南
中南大学,19,985,Middle and Southern University
中南大学,19,985,CSU
大连理工大学,26,985,大工
大连理工大学,26,985,Institute Of Technology Of Dalian
大连理工大学,26,985,DUT
四川大学,7,985,川大
四川大学,7,985,Sichuan University
四川大学,7,985,SCU
电子科技大学,32,985,电子科大
电子科技大学,32,985,University of Electronic Science and Technology of China
电子科技大学,32,985,UESTC
华南理工大学,25,985,华南理工
华南理工大学,25,985,Institutes Of Technology Of South China
华南理工大学,25,985,SCUT
吉林大学,12,985,吉大
吉林大学,12,985,Jilin University
吉林大学,12,985,JLU
湖南大学,38,985,湖大
湖南大学,38,985,Hunan University
湖南大学,38,985,HNU
重庆大学,29,985,重大
重庆大学,29,985,University Of Chongqing
重庆大学,29,985,CQU
山东大学,16,985,山大
山东大学,16,985,Shandong University
山东大学,16,985,SDU
中国农业大学,37,985,中国农大
中国农业大学,37,985,China Agricultural University
中国农业大学,37,985,CAU
中国海洋大学,60,985,中国海大
中国海洋大学,60,985,Chinese Marine University
中国海洋大学,60,985,OUC
中央民族大学,106,985,中央民大
中央民族大学,106,985,Central University For Nationalities
中央民族大学,106,985,MUC
东北大学,41,985,东北工学院
东北大学,41,985,Northeastern University
东北大学,41,985,NEU
东北大学,41,985,NU
兰州大学,39,985,兰大
兰州大学,39,985,Lanzhou University
兰州大学,39,985,LZU
西北农林科技大学,78,985,西农、西北农大
西北农林科技大学,78,985,Northwest A&F University
西北农林科技大学,78,985,NWAFU
中国人民解放军国防科技大学,89,985,国防科技大学、国防科大、国防科学技术大学
中国人民解放军国防科技大学,89,985,National University of Defense Technology
中国人民解放军国防科技大学,89,985,NUDT
郑州大学,34,211,郑大
郑州大学,34,211,Zhengzhou University
郑州大学,34,211,ZZU
云南大学,75,211,云大
云南大学,75,211,Yunnan University
云南大学,75,211,YNU
新疆大学,114,211,新大
新疆大学,114,211,Xinjiang University
新疆大学,114,211,XJU
北京交通大学,49,211,北京交大
北京交通大学,49,211,Beijing Jiaotong University
北京交通大学,49,211,BJTU
北京工业大学,63,211,北工大
北京工业大学,63,211,Beijing University Of Technology
北京工业大学,63,211,BJUT
北京科技大学,48,211,北科大、北京科大
北京科技大学,48,211,University Of Science and Technology Beijing
北京科技大学,48,211,USTB
北京化工大学,82,211,北化
北京化工大学,82,211,Beijing University of Chemical Technology
北京化工大学,82,211,BUCT
北京邮电大学,76,211,北邮
北京邮电大学,76,211,Beijing University Of Posts and Telecommunications
北京邮电大学,76,211,BUPT
北京林业大学,88,211,北林
北京林业大学,88,211,Beijing Forestry University
北京林业大学,88,211,BFU
北京协和医学院,,双一流,协和医学院
北京协和医学院,,双一流,Peking Union Medical College
北京协和医学院,,双一流,PUMC
北京中医药大学,121,211,北中医
北京中医药大学,121,211,Beijing University Of Chinese Medicine
北京中医药大学,121,211,BUCM
首都师范大学,,双一流,首师大
首都师范大学,,双一流,Capital Normal University
首都师范大学,,双一流,CNU
北京外国语大学,124,211,北外
北京外国语大学,124,211,Beijing Foreign Studies University
北京外国语大学,124,211,BFSU
中国传媒大学,96,211,中媒
中国传媒大学,96,211,中传
中国传媒大学,96,211,北京广播学院
中国传媒大学,96,211,Communication University Of China
中国传媒大学,96,211,CUC
中央财经大学,79,211,中央财大
中央财经大学,79,211,中财大
中央财经大学,79,211,The Central University Of Finance and Economics
中央财经大学,79,211,CUFE
对外经济贸易大学,99,211,对外经贸大学
对外经济贸易大学,99,211,贸大
对外经济贸易大学,99,211,University Of International Business and Economics
对外经济贸易大学,99,211,UIBE
外交学院,,双一流,外院
外交学院,,双一流,China Foreign Affairs University
外交学院,,双一流,CFAU
中国人民公安大学,,双一流,公安大学
中国人民公安大学,,双一流,People's Public Security University of China
中国人民公安大学,,双一流,PPSUC
北京体育大学,122,211,北体大
北京体育大学,122,211,Beijing Sport University
北京体育大学,122,211,BSU
中央音乐学院,103,211,央音
中央音乐学院,103,211,中央院
中央音乐学院,103,211,Central Conservatory Of Music
中央音乐学院,103,211,CCOM
中国音乐学院,,双一流,国音
中国音乐学院,,双一流,中国院
中国音乐学院,,双一流,China Conservatory of Music
中国音乐学院,,双一流,CCMUSIC
中央美术学院,104,双一流,央美
中央美术学院,104,双一流,Central Academy of Fine Art
中央美术学院,104,双一流,CAFA
中央戏剧学院,133,双一流,中戏
中央戏剧学院,133,双一流,The Central Academy Of Drama
中央戏剧学院,133,双一流,TCAD
中国政法大学,90,211,法大
中国政法大学,90,211,China University Of Political Science and Law
中国政法大学,90,211,ZUC
中国政法大学,90,211,CUPL
中国科学院大学,18,双一流,国科大
中国科学院大学,18,双一流,科院大
中国科学院大学,18,双一流,University of Chinese Academy of Sciences
中国科学院大学,18,双一流,UCAS
福州大学,72,211,福大
福州大学,72,211,University Of Fuzhou
福州大学,72,211,FZU
暨南大学,44,211,暨大
暨南大学,44,211,Ji'nan University
暨南大学,44,211,JNU
广州中医药大学,,双一流,广中医
广州中医药大学,,双一流,Traditional Chinese Medicine University Of Guangzhou
广州中医药大学,,双一流,GUCM
华南师范大学,55,211,华南师大
华南师范大学,55,211,South China Normal University
华南师范大学,55,211,SCNU
广西大学,71,211,广西大
广西大学,71,211,Guangxi University
广西大学,71,211,GXU
贵州大学,94,211,贵大
贵州大学,94,211,Guizhou University
贵州大学,94,211,GZU
海南大学,101,211,海大
海南大学,101,211,University Of Hainan
海南大学,101,211,HAINU
河南大学,85,双一流,河大
河南大学,85,双一流,He'nan University
河南大学,85,双一流,HENU
哈尔滨工程大学,65,211,哈工程
哈尔滨工程大学,65,211,Harbin Engineering University
哈尔滨工程大学,65,211,HEU
东北农业大学,98,211,东北农大
东北农业大学,98,211,Northeast Agricultural University
东北农业大学,98,211,NEAU
东北林业大学,93,211,东北林大
东北林业大学,93,211,Northeast Forestry University
东北林业大学,93,211,NEFU
中国地质大学,80,211,地大
中国地质大学,80,211,China University Of Geosciences
中国地质大学,80,211,CUG
武汉理工大学,40,211,武汉理工
武汉理工大学,40,211,Wuhan University of Technology
武汉理工大学,40,211,WUT
华中农业大学,52,211,华中农大
华中农业大学,52,211,华农
华中农业大学,52,211,Central China Agricultural University
华中农业大学,52,211,HZAU
华中师范大学,58,211,华中师大
华中师范大学,58,211,华大
华中师范大学,58,211,Central China Normal University
华中师范大学,58,211,CCNU
中南财经政法大学,105,211,中南大
中南财经政法大学,105,211,Zhongnan University Of Economics & Law
中南财经政法大学,105,211,ZUEL
湖南师范大学,68,211,湖南师大
湖南师范大学,68,211,Hunan Normal University
湖南师范大学,68,211,HUNNU
延边大学,130,211,延大
延边大学,130,211,Yanbian University
延边大学,130,211,YBU
东北师范大学,69,211,东北师大
东北师范大学,69,211,Northeast Normal University
东北师范大学,69,211,NENU
苏州大学,35,211,苏大
苏州大学,35,211,Soochow University
苏州大学,35,211,SUDA
南京航空航天大学,33,211,南航
南京航空航天大学,33,211,Nanjing Aero-Space University
南京航空航天大学,33,211,NUAA
南京理工大学,42,211,南理工
南京理工大学,42,211,Institutes Of Technology Of Nanjing
南京理工大学,42,211,NJUST
中国矿业大学,61,211,中国矿大
中国矿业大学,61,211,China Mining University
中国矿业大学,61,211,CUMT
南京邮电大学,,双一流,南邮
南京邮电大学,,双一流,Nanjing University of Posts and Telecommunications
南京邮电大学,,双一流,NJUPT
河海大学,54,211,河海
河海大学,54,211,River Sea University
河海大学,54,211,HHU
江南大学,57,211,江南大
江南大学,57,211,Jiangnan University
江南大学,57,211,Jiangnan
南京林业大学,,双一流,南林
南京林业大学,,双一流,Nanjing Forestry University
南京林业大学,,双一流,NJFU
南京信息工程大学,91,双一流,南信大
南京信息工程大学,91,双一流,Nanjing University of Information Science and Technology
南京信息工程大学,91,双一流,NUIST
南京农业大学,53,211,南农
南京农业大学,53,211,南农大
南京农业大学,53,211,南京农大
南京农业大学,53,211,Agricultural University Of Nanjing
南京农业大学,53,211,NJAU
南京农业大学,53,211,NAU
南京中医药大学,,双一流,南中医
南京中医药大学,,双一流,Nanjing University Of Chinese Medicine
南京中医药大学,,双一流,NJUCM
中国药科大学,119,211,中国药大
中国药科大学,119,211,China Medicine University
中国药科大学,119,211,CPU
南京师范大学,56,211,南京师大
南京师范大学,56,211,南师大
南京师范大学,56,211,南师
南京师范大学,56,211,Nanjing Normal University
南京师范大学,56,211,NNU
南昌大学,47,211,昌大
南昌大学,47,211,University Of Nanchang、Nanchang University
南昌大学,47,211,NCU
辽宁大学,118,211,辽大
辽宁大学,118,211,Liaoning University
辽宁大学,118,211,LNU
大连海事大学,111,211,大连海大
大连海事大学,111,211,Maritime Affairs University Of Dalian
大连海事大学,111,211,DMU
内蒙古大学,116,211,内大
内蒙古大学,116,211,University Of The Inner Mongol、Inner Mongolia University
内蒙古大学,116,211,IMU
宁夏大学,125,211,Ningxia University
宁夏大学,125,211,NXU
青海大学,129,211,清大
青海大学,129,211,Qinghai University
青海大学,129,211,QHU
中国石油大学,77,双一流,中石大
中国石油大学,77,双一流,China University Of Petroleum Beijing
中国石油大学,77,双一流,UPC
太原理工大学,84,211,太原理工
太原理工大学,84,211,Institutes Of Technology Of Taiyuan、Taiyuan University of Technology
太原理工大学,84,211,TYUT
西北大学,59,211,西北大
西北大学,59,211,Northwest University
西北大学,59,211,NWU
西安电子科技大学,50,211,西电
西安电子科技大学,50,211,Xidian University
西安电子科技大学,50,211,XDU
长安大学,83,211,长大
长安大学,83,211,Chang`an University
长安大学,83,211,CHU
陕西师范大学,67,211,陕西师大
陕西师范大学,67,211,陕师大
陕西师范大学,67,211,Shaanxi Normal University
陕西师范大学,67,211,SNNU
第四军医大学,,211,空军军医大学、四医大
第四军医大学,,211,Air Force Medical University
第四军医大学,,211,FMMU
华东理工大学,45,211,华理
华东理工大学,45,211,East China University Of Science
华东理工大学,45,211,ECUST
东华大学,74,211,东华
东华大学,74,211,Donghua University
东华大学,74,211,DHU
上海海洋大学,,双一流,上海海大
上海海洋大学,,双一流,Shanghai Ocean University
上海海洋大学,,双一流,SHOU
上海中医药大学,,211,上中医
上海中医药大学,,211,Shanghai University of Traditional Chinese Medicine
上海中医药大学,,211,SHUTCM
上海外国语大学,123,211,上外
上海外国语大学,123,211,Shanghai International Studies University
上海外国语大学,123,211,SISU
上海财经大学,95,211,上海财大
上海财经大学,95,211,上财
上海财经大学,95,211,Shanghai University Of Finance
上海财经大学,95,211,SUFE
上海体育学院,,双一流,Shanghai University Of Sport
上海音乐学院,,双一流,上音
上海音乐学院,,双一流,Shanghai Conservatory Of Music
上海音乐学院,,双一流,SHCM
上海大学,43,211,上大
上海大学,43,211,Shanghai University
第二军医大学,,211,海军军医大学
第二军医大学,,211,Naval Medical University
西南交通大学,36,211,西南交大
西南交通大学,36,211,Southwest Jiaotong University
西南交通大学,36,211,SWJTU
西南石油大学,,双一流,西南石大
西南石油大学,,双一流,Southwest Petroleum University
西南石油大学,,双一流,SWPU
成都理工大学,,双一流,成都理工
成都理工大学,,双一流,Chengdu University Of Technology
成都理工大学,,双一流,CDUT
四川农业大学,113,211,川农
四川农业大学,113,211,川农大
四川农业大学,113,211,Sichuan Agricultural University
四川农业大学,113,211,SICAU
成都中医药大学,,双一流,成中医
成都中医药大学,,双一流,Chengdu University of TCM
成都中医药大学,,双一流,CDUTCM
西南财经大学,97,211,西南财大
西南财经大学,97,211,西财
西南财经大学,97,211,Southwestern University Of Finance And Economics
西南财经大学,97,211,SWUFE
天津工业大学,,双一流,天工大
天津工业大学,,双一流,Tianjin University of Technology
天津工业大学,,双一流,TGU
天津医科大学,107,211,天津医大
天津医科大学,107,211,Medical University Of Tianjin
天津医科大学,107,211,TMU
天津中医药大学,,双一流,天中
天津中医药大学,,双一流,Tianjin University of Traditional Chinese Medicine
天津中医药大学,,双一流,TUTCM
华北电力大学,73,211,华电
华北电力大学,73,211,North China Electric Power University
华北电力大学,73,211,NCEPU
河北工业大学,92,211,河工大
河北工业大学,92,211,Hebei University of Technology
河北工业大学,92,211,HEBUT
西藏大学,135,211,藏大
西藏大学,135,211,Tibet University
西藏大学,135,211,TU
石河子大学,117,211,石大
石河子大学,117,211,Shihezi University
中国美术学院,,双一流,中国美院
中国美术学院,,双一流,国美
中国美术学院,,双一流,China Academy of Art
中国美术学院,,双一流,CAA
宁波大学,70,双一流,Ningbo University
宁波大学,70,双一流,NBU
西南大学,46,985,西南大
西南大学,46,985,Southwest University
西南大学,46,985,SWU
安徽大学,81,211,安大
安徽大学,81,211,University Of Anhui
安徽大学,81,211,AHU
合肥工业大学,51,211,合肥工大
合肥工业大学,51,211,合工大
合肥工业大学,51,211,HeFei University of Technology
合肥工业大学,51,211,HFUT
麻省理工学院,1,海外名校,Massachusetts Institute of Technology
麻省理工学院,1,海外名校,MIT
麻省理工学院,1,海外名校,麻省
麻省理工学院,1,海外名校,马萨诸塞理工学院
牛津大学,2,海外名校,University of Oxford
牛津大学,2,海外名校,Oxford
牛津大学,2,海外名校,Oxon
牛津大学,2,海外名校,牛津
斯坦福大学,3,海外名校,Stanford University
斯坦福大学,3,海外名校,Leland Stanford Junior University
斯坦福大学,3,海外名校,斯坦福
斯坦福大学,3,海外名校,Stanford
剑桥大学,3,海外名校,University of Cambridge
剑桥大学,3,海外名校,剑桥
哈佛大学,5,海外名校,Harvard University
哈佛大学,5,海外名校,哈佛
加州理工学院,6,海外名校,California Institute of Technology
加州理工学院,6,海外名校,Caltech
加州理工学院,6,海外名校,加州理工
帝国理工学院,,海外名校,Imperial College London
帝国理工学院,,海外名校,帝国理工医学院
帝国理工学院,,海外名校,Imperial College of Science
帝国理工学院,,海外名校,Technology and Medicine
帝国理工学院,,海外名校,帝国学院
帝国理工学院,,海外名校,帝国理工
帝国理工学院,,海外名校,Imperial
帝国理工学院,,海外名校,IC
苏黎世联邦理工学院,8,海外名校,苏黎世理工
苏黎世联邦理工学院,8,海外名校,ETH
苏黎世联邦理工学院,8,海外名校,Swiss Federal Institute of Technology in Zurich
伦敦大学学院,8,海外名校,UCL
伦敦大学学院,8,海外名校,University College London
芝加哥大学,10,海外名校,University of Chicago
芝加哥大学,10,海外名校,芝大
芝加哥大学,10,海外名校,UChicago
新加坡国立大学,11,海外名校,National University of Singapore
新加坡国立大学,11,海外名校,NUS
南洋理工大学,12,海外名校,Nanyang Technological University
南洋理工大学,12,海外名校,Singapore
南洋理工大学,12,海外名校,NTU
宾夕法尼亚大学,13,海外名校,University of Pennsylvania
宾夕法尼亚大学,13,海外名校,UPenn
宾夕法尼亚大学,13,海外名校,宾大
洛桑联邦理工学院,14,海外名校,EPFL
洛桑联邦理工学院,14,海外名校,Swiss federal Institute of Technology in Lausanne
耶鲁大学,14,海外名校,Yale University
耶鲁大学,14,海外名校,耶鲁
耶鲁大学,14,海外名校,Yale
爱丁堡大学,16,海外名校,The University of Edinburgh
爱丁堡大学,16,海外名校,Edin
爱丁堡大学,16,海外名校,爱大
哥伦比亚大学,19,海外名校,Columbia University
哥伦比亚大学,19,海外名校,哥大
哥伦比亚大学,19,海外名校,Columbia University in the City of New York
普林斯顿大学,20,海外名校,Princeton University
普林斯顿大学,20,海外名校,普林斯顿
康奈尔大学,21,海外名校,Cornell University
康奈尔大学,21,海外名校,Cornell
康奈尔大学,21,海外名校,康奈尔
香港大学,22,海外名校,The University of Hong Kong
香港大学,22,海外名校,HKU
香港大学,22,海外名校,港大
东京大学,23,海外名校,The University of Tokyo
东京大学,23,海外名校,東京大学
东京大学,23,海外名校,UTokyo
密歇根大学安娜堡分校,,海外名校,University of Michigan-Ann Arbor
密歇根大学安娜堡分校,,海外名校,UMich
约翰霍普金斯大学,25,海外名校,Johns Hopkins University
约翰霍普金斯大学,25,海外名校,JHU
约翰霍普金斯大学,25,海外名校,Hopkins
约翰霍普金斯大学,25,海外名校,霍普金斯大学
多伦多大学,26,海外名校,University of Toronto
多伦多大学,26,海外名校,UofT
多伦多大学,26,海外名校,UToronto
麦吉尔大学,27,海外名校,McGill University
麦吉尔大学,27,海外名校,McGill
澳洲国立大学,,海外名校,The Australian National University
澳洲国立大学,,海外名校,ANU
曼彻斯特大学,27,海外名校,The University of Manchester
曼彻斯特大学,27,海外名校,UoM
京都大学,33,海外名校,Kyoto University
香港科技大学,34,海外名校,The Hong Kong University of Science and Technology
香港科技大学,34,海外名校,HKUST
伦敦大学国王学院,,海外名校,King's College London
伦敦大学国王学院,,海外名校,King's
伦敦大学国王学院,,海外名校,KCL
首尔国立大学,36,海外名校,Seoul National University
首尔国立大学,36,海外名校,SNU
墨尔本大学,37,海外名校,The University of Melbourne
墨尔本大学,37,海外名校,UniMelb
墨尔本大学,37,海外名校,Melb Uni
悉尼大学,38,海外名校,The University of Sydney
悉尼大学,38,海外名校,USYD
悉尼大学,38,海外名校,Sydney U
香港中文大学,39,海外名校,The Chinese University of Hong Kong
香港中文大学,39,海外名校,CUHK
韩国高等科技学院,,海外名校,Korea Advanced Institute of Science And Technology
韩国高等科技学院,,海外名校,KAIST
纽约大学,42,海外名校,New York University
纽约大学,42,海外名校,NYU
新南威尔士大学,43,海外名校,The University of New South Wales
新南威尔士大学,43,海外名校,UNSW
巴黎第九大学,,海外名校,University Paris Dauphine
英属哥伦比亚大学,,海外名校,University of British Columbia
英属哥伦比亚大学,,海外名校,UBC
昆士兰大学,47,海外名校,The University of Queensland
昆士兰大学,47,海外名校,UQ
巴黎理工学院,49,海外名校,Institut Polytechnique de Paris
巴黎理工学院,49,海外名校,IP-Paris
伦敦政治经济学院,49,海外名校,The London School of Economics and Political Science
伦敦政治经济学院,49,海外名校,LSE
伦敦政治经济学院,49,海外名校,London School of Economics
慕尼黑工业大学,,海外名校,Technical University of Munich
杜克大学,52,海外名校,Duke University
卡耐基梅隆大学,,海外名校,Carnegie Mellon University
卡耐基梅隆大学,,海外名校,TU München
卡耐基梅隆大学,,海外名校,TUM
香港城市大学,53,海外名校,City University of Hong Kong
香港城市大学,53,海外名校,CityU
阿姆斯特丹大学,55,海外名校,University of Amsterdam
阿姆斯特丹大学,55,海外名校,UvA
东京工业大学,56,海外名校,Tokyo Institute of Technology
东京工业大学,56,海外名校,Tokyo Tech
代尔夫特理工大学,57,海外名校,Delft University of Technology
莫纳什大学,,海外名校,Monash University
莫纳什大学,,海外名校,Monash
莫纳什大学,,海外名校,蒙纳士
莫纳什大学,,海外名校,莫纳什
莫纳什大学,,海外名校,莫大
布朗大学,60,海外名校,Brown University
布朗大学,60,海外名校,Brown
布朗大学,60,海外名校,布朗
华威大学,61,海外名校,The University of Warwick
华威大学,61,海外名校,华威
华威大学,61,海外名校,Warwick
华威大学,61,海外名校,UoW
布里斯托大学,62,海外名校,University of Bristol
布里斯托大学,62,海外名校,布大
海德堡大学,63,海外名校,Heidelberg University
海德堡大学,63,海外名校,海德堡大学
慕尼黑大学,64,海外名校,LMU
慕尼黑大学,64,海外名校,University of Munich
马来亚大学,65,海外名校,University of Malaya
马来亚大学,65,海外名校,马大
香港理工大学,66,海外名校,The Hong Kong Polytechnic University
香港理工大学,66,海外名校,PolyU
香港理工大学,66,海外名校,理大
香港理工大学,66,海外名校,港理工
德克萨斯大学奥斯汀分校,,海外名校,University of Texas at Austin
德克萨斯大学奥斯汀分校,,海外名校,得州大学
德克萨斯大学奥斯汀分校,,海外名校,UT-Austin
国立台湾大学,68,海外名校,National Taiwan University
国立台湾大学,68,海外名校,台大
布宜诺斯艾利斯大学,69,海外名校,Universidad de Buenos Aires
布宜诺斯艾利斯大学,69,海外名校,UBA
鲁汶大学（荷语）,,海外名校,University of Leuven
鲁汶大学（荷语）,,海外名校,KU Leuven
苏黎世大学,70,海外名校,University of Zurich
苏黎世大学,70,海外名校,UZH
索邦大学,72,海外名校,Sorbonne University
索邦大学,72,海外名校,索邦
索邦大学,72,海外名校,Sorbonne
格拉斯哥大学,73,海外名校,University of Glasgow
格拉斯哥大学,73,海外名校,格大
高丽大学,,海外名校,Korea University
高丽大学,,海外名校,高丽大
大阪大学,75,海外名校,Osaka University
大阪大学,75,海外名校,阪大
威斯康辛大学麦迪逊分校,,海外名校,University of Wisconsin-Madison
威斯康辛大学麦迪逊分校,,海外名校,UW-Madison
南安普敦大学,,海外名校,University of Southampton
南安普敦大学,,海外名校,Soton
莫斯科国立大学,,海外名校,Lomonosov Moscow State University
莫斯科国立大学,,海外名校,莫斯科大学
哥本哈根大学,79,海外名校,University of Copenhagen
哥本哈根大学,79,海外名校,UCPH
延世大学,79,海外名校,Yonsei University
延世大学,79,海外名校,연세대학교
浦项科技大学,81,海外名校,Pohang University of Science And Technology
浦项科技大学,81,海外名校,POSTECH
杜伦大学,,海外名校,Durham University
杜伦大学,,海外名校,Durham
伊利诺伊大学厄巴纳-香槟分校,,海外名校,University of Illinois at Urbana-Champaign
伊利诺伊大学厄巴纳-香槟分校,,海外名校,UIUC
奥克兰大学,85,海外名校,The University of Auckland
奥克兰大学,85,海外名校,UoA
华盛顿大学,85,海外名校,University of Washington
华盛顿大学,85,海外名校,UWashington
华盛顿大学,85,海外名校,UW
巴黎萨克雷大学,86,海外名校,Université Paris-Saclay
巴黎萨克雷大学,86,海外名校,UPSaclay
巴黎萨克雷大学,86,海外名校,UPS
隆德大学,87,海外名校,Lund University
佐治亚理工学院,88,海外名校,Georgia Institute of Technology
佐治亚理工学院,88,海外名校,Georgia Tech
佐治亚理工学院,88,海外名校,Gatech
佐治亚理工学院,88,海外名校,GT
瑞典皇家理工学院,89,海外名校,KTH Royal Institute of Technology
瑞典皇家理工学院,89,海外名校,皇家理工学院
瑞典皇家理工学院,89,海外名校,KTH
伯明翰大学,90,海外名校,University of Birmingham
伯明翰大学,90,海外名校,伯大
伯明翰大学,90,海外名校,UoB
圣安德鲁斯大学,91,海外名校,University of St Andrews
圣安德鲁斯大学,91,海外名校,St Andrews
圣安德鲁斯大学,91,海外名校,St And
圣安德鲁斯大学,91,海外名校,圣安
利兹大学,92,海外名校,University of Leeds
西澳大学,93,海外名校,The University of Western Australia
西澳大学,93,海外名校,UWA
莱斯大学,94,海外名校,Rice University
莱斯大学,94,海外名校,Rice
谢菲尔德大学,95,海外名校,The University of Sheffield
谢菲尔德大学,95,海外名校,谢菲
谢菲尔德大学,95,海外名校,谢大
谢菲尔德大学,95,海外名校,TUoS
宾州州立大学公园分校,,海外名校,Pennsylvania State University
宾州州立大学公园分校,,海外名校,University Park
成均馆大学,97,海外名校,Sungkyunkwan University(SKKU)
成均馆大学,97,海外名校,成均馆大
成均馆大学,97,海外名校,SKKU
丹麦技术大学,99,海外名校,Technical University of Denmark
丹麦技术大学,99,海外名校,DTU
北卡罗来纳大学教堂山分校,100,海外名校,University of North Carolina at Chapel Hill
北卡罗来纳大学教堂山分校,100,海外名校,UNC
都柏林三一学院,,海外名校,Trinity College Dublin
都柏林三一学院,,海外名校,The University of Dublin
都柏林三一学院,,海外名校,TCD
奥斯陆大学,102,海外名校,University of Oslo
奥斯陆大学,102,海外名校,UiO
奥斯陆大学,102,海外名校,奥大
诺丁汉大学,103,海外名校,University of Nottingham
诺丁汉大学,103,海外名校,UoN
诺丁汉大学,103,海外名校,诺大
赫尔辛基大学,104,海外名校,University of Helsinki
赫尔辛基大学,104,海外名校,UH
墨西哥国立自治大学,105,海外名校,Universidad Nacional Autónoma de México
墨西哥国立自治大学,105,海外名校,墨国大
墨西哥国立自治大学,105,海外名校,UNAM
日内瓦大学,105,海外名校,University of Geneva
日内瓦大学,105,海外名校,UNIGE
圣路易斯华盛顿大学,107,海外名校,Washington University in St. Louis
圣路易斯华盛顿大学,107,海外名校,WashU
圣路易斯华盛顿大学,107,海外名校,WUSTL
阿德雷德大学,,海外名校,The University of Adelaide
阿德雷德大学,,海外名校,阿大
阿卜杜勒阿齐兹国王大学,109,海外名校,King Abdulaziz University (KAU)
乌得勒支大学,,海外名校,Utrecht University
乌得勒支大学,,海外名校,UU
蒙特利尔大学,111,海外名校,Université de Montréal
蒙特利尔大学,111,海外名校,UdeM
蒙特利尔大学,111,海外名校,蒙大
阿尔托大学,112,海外名校,Aalto University
阿尔托大学,112,海外名校,Aalto
波士顿大学,112,海外名校,Boston University
波士顿大学,112,海外名校,BU
莱顿大学,112,海外名校,Leiden University
南加州大学,11,海外名校,University of Southern California
南加州大学,11,海外名校,南加州大学
南加州大学,11,海外名校,南加大
南加州大学,11,海外名校,USC
普渡大学西拉法叶分校,116,海外名校,Purdue University
普渡大学西拉法叶分校,116,海外名校,普渡大学
伦敦大学玛丽女王学院,,海外名校,Queen Mary University of London
伦敦大学玛丽女王学院,,海外名校,QMUL
伦敦大学玛丽女王学院,,海外名校,Queen Mary
名古屋大学,118,海外名校,Nagoya University
名古屋大学,118,海外名校,名大
伯尔尼大学,119,海外名校,University of Bern
伯尔尼大学,119,海外名校,UniBe
俄亥俄州立大学,120,海外名校,The Ohio State University
俄亥俄州立大学,120,海外名校,Ohio State
俄亥俄州立大学,120,海外名校,OSU
查尔姆斯理工大学,121,海外名校,Chalmers University of Technology
查尔姆斯理工大学,121,海外名校,Chalmers
圣保罗大学,121,海外名校,Universidade de São Paulo
圣保罗大学,121,海外名校,USP
圣保罗大学,121,海外名校,圣大
瓦格宁根大学,,海外名校,Wageningen University & Research
瓦格宁根大学,,海外名校,Wageningen UR
乌普萨拉大学,124,海外名校,Uppsala University
乌普萨拉大学,124,海外名校,乌大
埃因霍温理工大学,,海外名校,Eindhoven University of Technology
埃因霍温理工大学,,海外名校,TU/e
埃因霍温理工大学,,海外名校,TU Eindhoven
柏林自由大学,127,海外名校,Freie Universitaet Berlin
柏林自由大学,127,海外名校,FU Berlin
柏林洪堡大学,128,海外名校,Humboldt-Universität zu Berlin
柏林洪堡大学,128,海外名校,洪堡大学
柏林洪堡大学,128,海外名校,柏林大学
格罗宁根大学,128,海外名校,University of Groningen
格罗宁根大学,128,海外名校,RuG
里昂高等师范学院,,海外名校,École Normale Supérieure de Lyon
里昂高等师范学院,,海外名校,ENS Lyon
兰卡斯特大学,,海外名校,Lancaster University
兰卡斯特大学,,海外名校,兰卡
悉尼科技大学,133,海外名校,University of Technology Sydney
悉尼科技大学,133,海外名校,UTS
悉尼科技大学,133,海外名校,悉尼科大
纽卡斯尔大学,134,海外名校,Newcastle University
纽卡斯尔大学,134,海外名校,NCL
纽卡斯尔大学,134,海外名校,纽大
智利天主大学,,海外名校,Pontificia Universidad Católica de Chile (UC)
卡尔斯鲁厄理工学院,136,海外名校,KIT
卡尔斯鲁厄理工学院,136,海外名校,Karlsruhe Institute of Technology
九州大学,137,海外名校,Kyushu University
九州大学,137,海外名校,九大
巴塞尔大学,138,海外名校,University of Basel
巴塞尔大学,138,海外名校,Unibasel
麦克马斯特大学,140,海外名校,McMaster University
麦克马斯特大学,140,海外名校,麦马
根特大学,141,海外名校,Ghent University
根特大学,141,海外名校,UGent
米兰理工大学,142,海外名校,Politecnico di Milano
米兰理工大学,142,海外名校,POLIMI
米兰理工大学,142,海外名校,米理
米兰理工大学,142,海外名校,米兰理工
马来西亚博特拉大学,143,海外名校,Universiti Putra Malaysia (UPM)
马来西亚博特拉大学,143,海外名校,UPM
马来西亚国民大学,144,海外名校,Universiti Kebangsaan Malaysia (UKM)
马来西亚国民大学,144,海外名校,UKM
北海道大学,145,海外名校,Hokkaido University
北海道大学,145,海外名校,北大（ほくだい）
马来西亚理科大学,147,海外名校,Universiti Sains Malaysia (USM)
马来西亚理科大学,147,海外名校,USM
马来西亚理科大学,147,海外名校,槟城理大
斯德哥尔摩大学,148,海外名校,Stockholm University
斯德哥尔摩大学,148,海外名校,SU
埃克塞特大学,149,海外名校,The University of Exeter
埃克塞特大学,149,海外名校,Exon
滑铁卢大学,149,海外名校,University of Waterloo
滑铁卢大学,149,海外名校,Waterloo（UW）
卡迪夫大学,151,海外名校,Cardiff University
卡迪夫大学,151,海外名校,卡大
维也纳大学,151,海外名校,University of Vienna
维也纳大学,151,海外名校,univie
约克大学（英国）,,海外名校,University of York
约克大学（英国）,,海外名校,York
罗切斯特大学,,海外名校,University of Rochester
罗切斯特大学,,海外名校,U of R
奥胡斯大学,155,海外名校,Aarhus University
奥胡斯大学,155,海外名校,AU
汉阳大学,156,海外名校,Hanyang University
汉阳大学,156,海外名校,汉阳大
密歇根州立大学,157,海外名校,Michigan State University
密歇根州立大学,157,海外名校,MSU
马里兰大学学院公园分校,,海外名校,University of Maryland
马里兰大学学院公园分校,,海外名校,College Park
马里兰大学学院公园分校,,海外名校,UMD
马里兰大学学院公园分校,,海外名校,UMCP
柏林工业大学,159,海外名校,Technische Universität Berlin (TU Berlin)
柏林工业大学,159,海外名校,TUB
柏林工业大学,159,海外名校,TU Berlin
埃默里大学,160,海外名校,Emory University
埃默里大学,160,海外名校,Emory
凯斯西储大学,161,海外名校,Case Western Reserve University
凯斯西储大学,161,海外名校,CWRU
凯斯西储大学,161,海外名校,CASE
蒙特雷理工学院,,海外名校,Tecnológico de Monterrey
法赫德国王石油与矿产大学,,海外名校,King Fahd University of Petroleum & Minerals
法赫德国王石油与矿产大学,,海外名校,KFUPM
匹兹堡大学,163,海外名校,University of Pittsburgh
匹兹堡大学,163,海外名校,PITT
匹兹堡大学,163,海外名校,匹大
亚琛工业大学,165,海外名校,RWTH Aachen University
亚琛工业大学,165,海外名校,RWTH Aachen
亚琛工业大学,165,海外名校,RWTH
博洛尼亚大学,166,海外名校,Alma Mater Studiorum - University of Bologna
博洛尼亚大学,166,海外名校,Unibo
博洛尼亚大学,166,海外名校,博大
巴斯大学,166,海外名校,University of Bath
德州农工大学,168,海外名校,Texas A&M University
德州农工大学,168,海外名校,TAMU
巴塞罗那大学,168,海外名校,Universitat de Barcelona
西安大略大学,,海外名校,Western University
西安大略大学,,海外名校,韦仕敦大学
西安大略大学,,海外名校,UWO
罗马第一大学,,海外名校,Sapienza University of Rome
罗马第一大学,,海外名校,罗马一大
弗莱堡大学,,海外名校,Albert-Ludwigs-Universitaet Freiburg
都柏林大学学院,,海外名校,University College Dublin
都柏林大学学院,,海外名校,UCD
都柏林大学学院,,海外名校,UC Dublin
佛罗里达大学,173,海外名校,University of Florida
佛罗里达大学,173,海外名校,UF
佛罗里达大学,173,海外名校,UFL
国立哈萨克大学,,海外名校,Al-Farabi Kazakh National University
洛桑大学,176,海外名校,University of Lausanne
蒂宾根大学,177,海外名校,Eberhard Karls Universität Tübingen
印度理工学院孟买分校,,海外名校,Indian Institute of Technology Bombay
印度理工学院孟买分校,,海外名校,IITB
伊拉斯姆斯大学,,海外名校,Erasmus University Rotterdam
国立清华大学,180,海外名校,National Tsing Hua University
维也纳技术大学,,海外名校,Technische Universität Wien
哥德堡大学,180,海外名校,University of Gothenburg
哈里发大学,,海外名校,Khalifa University
智利大学,183,海外名校,Universidad de Chile
印度理工学院德里分校,,海外名校,Indian Institute of Technology Delhi
印度理工学院德里分校,,海外名校,IITD
印度科学学院,,海外名校,Indian Institute of Science
明尼苏达大学双城分校,186,海外名校,University of Minnesota Twin Cities
鲁汶大学（法语）,,海外名校,Université catholique de Louvain
鲁汶大学（法语）,,海外名校,UCLouvain
利物浦大学,189,海外名校,University of Liverpool
特文特大学,,海外名校,University of Twente
达特茅斯学院,191,海外名校,Dartmouth College
马来西亚理工大学,,海外名校,Universiti Teknologi Malaysia
卧龙岗大学,193,海外名校,University of Wollongong
科廷大学,194,海外名校,Curtin University
德累斯顿工业大学,194,海外名校,Technische Universität Dresden
奥塔戈大学,,海外名校,University of Otago
纽卡斯尔大学（澳洲）,,海外名校,The University of Newcastle
纽卡斯尔大学（澳洲）,,海外名校,Australia
纽卡斯尔大学（澳洲）,,海外名校,UON
耶路撒冷希伯来大学,198,海外名校,The Hebrew University of Jerusalem
卑尔根大学,199,海外名校,University of Bergen
麦考瑞大学,200,海外名校,Macquarie University
加州大学伯克利分校,32,海外名校,"University of California, Berkeley"
加州大学伯克利分校,32,海外名校,UC Berkeley
加州大学伯克利分校,32,海外名校,Cal
加州大学圣地亚哥分校,48,海外名校,"University of California, San Diego"
加州大学圣地亚哥分校,48,海外名校,UCSD
加州大学圣地亚哥分校,48,海外名校,UC San Diego
加州大学戴维斯分校,138,海外名校,"University of California, Davis"
加州大学戴维斯分校,138,海外名校,UC Davis
加州大学圣塔芭芭拉分校,146,海外名校,"University of California, Santa Barbara"
加州大学圣塔芭芭拉分校,146,海外名校,UCSB
加州大学圣塔芭芭拉分校,146,海外名校,UC Santa Barbara
上海体育学院,,双一流,SUS
密歇根大学-安娜堡,23,海外名校,University of Michigan - Ann Arbor
伦敦国王学院,35,海外名校,King’s College London
加州大学洛杉矶分校,40,海外名校,"University of California, Los Angeles"
韩国科学技术院,41,海外名校,KAIST - Korea Advanced Institute of Science & Technology
巴黎文理研究大学,44,海外名校,PSL University
德克萨斯州大学奥斯汀分校,67,海外名校,The University of Texas at Austin
威斯康星大学-麦迪逊,75,海外名校,University of Wisconsin - Madison
宾夕法尼亚州立大学,96,海外名校,Penn State (Main campus)
里昂高等师范学校,130,海外名校,Ecole Normale Superieure - Lyon
智利天主教大学,135,海外名校,Pontifical Catholic University of Chile
约克大学,494,海外名校,York University
马里兰大学帕克分校,158,海外名校,"University of Maryland, College Park"
蒙特雷技术学院,161,海外名校,Tecnologico de Monterrey
天主教鲁汶大学（法语区）,188,海外名校,Université Catholique de Louvain
澳大利亚纽卡斯尔大学,197,海外名校,"The University of Newcastle, Australia"
庆应义塾大学,201,海外名校,Keio University
雷丁大学,202,海外名校,University of Reading
早稻田大学,203,海外名校,Waseda University
哥廷根大学,204,海外名校,University of Göttingen
阿伯丁大学,205,海外名校,University of Aberdeen
墨尔本皇家理工大学,206,海外名校,RMIT University
马德里自治大学,207,海外名校,Autonomous University of Madrid
布鲁塞尔自由大学,207,海外名校,Universite libre de Bruxelles
阿姆斯特丹自由大学,209,海外名校,Vrije Universiteit Amsterdam
巴塞罗那自治大学,209,海外名校,Autonomous University of Barcelona
蔚山国立科学技术研究所,212,海外名校,Ulsan National Institute of Science & Technology
昆士兰科技大学,213,海外名校,Queensland University of Technology
汉堡大学,214,海外名校,Universität Hamburg
朱拉隆功大学,215,海外名校,Chulalongkorn University
亚利桑那州立大学,216,海外名校,Arizona State University
贝尔法斯特女王大学,216,海外名校,Queen’s University Belfast
范德堡大学,218,海外名校,Vanderbilt University
坎皮纳斯州立大学,219,海外名校,State University of Campinas
拉德堡德大学,220,海外名校,Radboud University
布鲁塞尔大学,221,海外名校,Vrije Universiteit Brussel
圣母大学,701,海外名校,Notre Dame University-Louaize NDU
马德里康普顿斯大学,223,海外名校,Complutense University of Madrid
卡塔尔大学,224,海外名校,Qatar University
波恩大学,226,海外名校,Rheinische Friedrich-Wilhelms-Universität Bonn
开普敦大学,226,海外名校,University of Cape Town
萨塞克斯大学,226,海外名校,University of Sussex
弗吉尼亚大学,226,海外名校,University of Virginia
渥太华大学,230,海外名校,University of Ottawa
拉夫堡大学,231,海外名校,Loughborough University
加州大学欧文分校,232,海外名校,"University of California, Irvine"
安特卫普大学,233,海外名校,University of Antwerp
马斯特里赫特大学,233,海外名校,Maastricht University
卡尔加里大学,235,海外名校,University of Calgary
安德斯大学,236,海外名校,Universidad de los Andes
莱斯特大学,236,海外名校,University of Leicester
维多利亚大学,601,海外名校,Victoria University
金斯敦女王大学,240,海外名校,Queen's University at Kingston
瑞士提契诺大学,240,海外名校,USI - Università della Svizzera italiana
贝鲁特美国大学,242,海外名校,American University of Beirut
帕多瓦大学,242,海外名校,Università di Padova
圣彼得堡国立大学,242,海外名校,Saint Petersburg State University
巴黎高科桥梁学院,245,海外名校,Ecole des Ponts ParisTech
新西伯利亚州立大学,246,海外名校,Novosibirsk State University
马萨诸塞大学安姆斯特分校,246,海外名校,University of Massachusetts
乔治敦大学,248,海外名校,Georgetown University
庞培法布拉大学,248,海外名校,Pompeu Fabra University
文莱达鲁萨兰国大学,250,海外名校,Universiti Brunei Darussalam (UBD)
科罗拉多大学-玻尔得,251,海外名校,University of Colorado at Boulder
国立成功大学,252,海外名校,National Cheng Kung University
叶史瓦大学,252,海外名校,Yeshiva University
加查马达大学,254,海外名校,Gadjah Mada University
印度马德拉斯技术学院,255,海外名校,Indian Institute of Technology Madras
玛希隆大学,255,海外名校,Mahidol University
特拉维夫大学,255,海外名校,Tel Aviv University
哥伦比亚国立大学,258,海外名校,National University of Colombia
爱尔兰国立大学戈尔韦分校,258,海外名校,National University of Ireland Galway
坎特伯雷大学,258,海外名校,University of Canterbury
科学宝,261,海外名校,Sciences Po
巴黎大学,261,海外名校,Université de Paris
庆熙大学,264,海外名校,Kyung Hee University
罗格斯大学,264,海外名校,Rutgers University–New Brunswick
纳瓦拉大学,266,海外名校,University of Navarra
布拉格查理大学,266,海外名校,Charles University
国立阳明大学,268,海外名校,National Yang Ming Chiao Tung University
亚利桑那大学,268,海外名校,The University of Arizona
达姆施塔特工业大学,269,海外名校,Technical University Darmstadt
赫瑞瓦特大学,270,海外名校,Heriot Watt University
达尔豪斯大学,272,海外名校,Dalhousie University
托木斯克州立大学,272,海外名校,Tomsk State University
萨里大学,272,海外名校,University of Surrey
南方科技大学,275,海外名校,Southern University of Science & Technology
塔夫茨大学,275,海外名校,Tufts University
格拉茨科技大学,277,海外名校,Graz University of Technology
印度理工学院坎普尔,277,海外名校,Indian Institute of Technology Kanpur
沙特国王大学,277,海外名校,King Saud University
印度理工学院卡拉格普尔分校,280,海外名校,Indian Institute of Technology Kharagpur
鲍曼莫斯科国立技术大学,281,海外名校,Bauman Moscow State Technical University
因斯布鲁克大学,281,海外名校,University of Innsbruck
迪肯大学,283,海外名校,Deakin University
梅西大学,284,海外名校,Massey University
伊利诺伊大学芝加哥分校,285,海外名校,University of Illinois at Chicago
筑波大学,285,海外名校,University of Tsukuba
香港浸会大学,287,海外名校,Hong Kong Baptist University
阿联酋大学,288,海外名校,United Arab Emirates University
印度尼西亚大学,290,海外名校,University of Indonesia
格里菲斯大学,290,海外名校,Griffith University
莫斯科物理科学与技术学院,290,海外名校,Moscow Institute of Physics and Technology
巴黎第一大学,290,海外名校,Panthéon-Sorbonne University – Paris 1
白俄罗斯国立大学,295,海外名校,Belarusian State University
波尔图大学,295,海外名校,University of Porto
图尔库大学,295,海外名校,University of Turku
科克大学,298,海外名校,University College Cork
西蒙弗雷泽大学,298,海外名校,Simon Fraser University
北卡罗来纳州立大学,300,海外名校,North Carolina State University
塔尔图大学,300,海外名校,University of Tartu
斯特拉斯克莱德大学,302,海外名校,University of Strathclyde
塔斯马尼亚大学,303,海外名校,University of Tasmania
万隆理工学院（ITB）,303,海外名校,Bandung Institute of Technology (ITB)
光州科学技术学院,305,海外名校,Gwangju Institute of Science and Technology
俄罗斯国立高等经济大学,305,海外名校,HSE University
东英吉利大学,307,海外名校,University of East Anglia
华沙大学,308,海外名校,University of Warsaw
南丹麦大学,309,海外名校,University of Southern Denmark
雅盖隆大学,309,海外名校,Jagiellonian University
印第安纳大学伯明顿分校,311,海外名校,Indiana University
科隆大学,311,海外名校,University of Cologne
迈阿密大学,311,海外名校,University of Miami
格勒诺布尔阿尔卑斯大学,314,海外名校,Grenoble Alpes University
国立台湾科技大学,314,海外名校,National Taiwan University of Science and Technology
米兰大学,316,海外名校,University of Milan
俄罗斯人民友谊大学,317,海外名校,RUDN University
IE大学,317,海外名校,IE University
国立核研究大学-莫斯科工程物理学院,319,海外名校,National Research Nuclear University MEPhI
加泰罗尼亚理工大学,319,海外名校,Polytechnic University of Catalonia
斯威本科技大学,321,海外名校,Swinburne University of Technology
阿根廷天主教大学,322,海外名校,Pontificia Universidad Católica Argentina
邓迪大学,322,海外名校,University of Dundee
澳门大学,322,海外名校,University of Macau
埃尔朗根-纽伦堡大学,322,海外名校,Friedrich-Alexander-Universität Erlangen-Nürnberg
奥尔堡大学,326,海外名校,Aalborg University
南澳大利亚大学,326,海外名校,University of South Australia
国立欧亚大学,328,海外名校,L.N. Gumilyov Eurasian National University
林雪平大学,329,海外名校,Linkoping University
以色列理工学院,330,海外名校,Technion - Israel Institute of Technology
伦敦大学城市学院,330,海外名校,City University London
伦敦大学伯贝克学院,332,海外名校,Birkbeck University London
圣光机大学,365,海外名校,ITMO University
国立台湾师范大学,334,海外名校,National Taiwan Normal University
都灵理工大学,334,海外名校,Politecnico di Torino
伦敦大学皇家霍洛威学院,334,海外名校,Royal Holloway University of London
法兰克福大学,340,海外名校,Goethe University Frankfurt
夏威夷大学马诺阿分校,340,海外名校,University of Hawai’i at Mānoa
广岛大学,343,海外名校,Hiroshima University
耶拿大学,344,海外名校,Universität Jena
文莱大学,344,海外名校,Universiti Teknologi Brunei
弗吉尼亚理工,346,海外名校,Virginia Polytechnic Institute and State University
斯图加特大学,347,海外名校,Universität Stuttgart
加州大学圣克鲁兹分校,347,海外名校,"University of California, Santa Cruz"
喀山联邦大学,347,海外名校,Kazan Federal University
斯特雅大学,347,海外名校,UCSI University
马德里卡洛斯三世大学,351,海外名校,Universidad Carlos III de Madrid
乌拉尔联邦大学,351,海外名校,Ural Federal University
伦敦布鲁内尔大学,351,海外名校,Brunel University London
约翰内斯开普勒大学林茨,354,海外名校,Johannes Kepler University Linz
乔治华盛顿大学,355,海外名校,George Washington University
里斯本大学,356,海外名校,University of Lisbon
蒂尔堡大学,356,海外名校,Tilburg University
国立科技大学-巴基斯坦,358,海外名校,National University of Sciences & Technology - Pakistan
于韦斯屈莱大学,358,海外名校,University of Jyvaskyla
犹他大学,358,海外名校,University of Utah
拉筹伯大学,362,海外名校,La Trobe University
莫斯科国立国际关系学院,362,海外名校,MGIMO University
梨花女子大学,362,海外名校,Ewha Womans University
乌尔姆大学,365,海外名校,Ulm University
于默奥大学,365,海外名校,Umea University
苏丹卡布斯大学,368,海外名校,Sultan Qaboos University
挪威科技大学,369,海外名校,Norwegian University of Science and Technology
里约热内卢联邦大学,369,海外名校,Federal University of Rio de Janeiro
瓦伦西亚理工大学,371,海外名校,Polytechnic University of Valencia
林肯大学,801,海外名校,University of Lincoln
布拉格化工大学,373,海外名校,"University of Chemistry & Technology, Prague"
康涅狄格大学,373,海外名校,University of Connecticut
怀卡托大学,373,海外名校,University of Waikato
奥卢大学,377,海外名校,University of Oulu
维尔茨堡大学,378,海外名校,Julius-Maximilians-Universität Würzburg
真纳大学,378,海外名校,Quaid I Azam University
纽约州立大学石溪分校,378,海外名校,Stony Brook University
谢里夫科技大学,381,海外名校,Sharif University of Technology
东京医科齿科大学,381,海外名校,Tokyo Medical and Dental University
美国沙迦大学,383,海外名校,American University of Sharjah
肯特大学,383,海外名校,University of Kent
神户大学,386,海外名校,Kobe University
堪萨斯大学,387,海外名校,University of Kansas
纽约州立大学布法罗分校,388,海外名校,University at Buffalo
比萨大学,388,海外名校,University of Pisa
圣拉斐尔生命健康大学,390,海外名校,Università Vita-Salute San Raffaele
伦敦大学亚非学院,391,海外名校,SOAS University of London
巴勒莫大学,801,海外名校,University of Palermo
彼得大帝圣彼得堡理工大学,393,海外名校,Peter the Great St Petersburg Polytechnic University
波鸿大学,393,海外名校,University of Bochum
国立研究托木斯克理工大学,395,海外名校,National Research Tomsk Polytechnic University
秘鲁天主教大学,395,海外名校,Pontifical Catholic University of Peru
印度理工学院古瓦哈提,395,海外名校,Indian Institute of Technology Guwahati
巴基斯坦工程与应用科学研究所,398,海外名校,Pakistan Institute of Engineering and Applied Sciences (PIEAS)
菲律宾大学,399,海外名校,University of the Philippines
南方大学,400,海外名校,Universidad Austral
印度理工学院鲁尔基校区,400,海外名校,Indian Institute of Technology Roorkee
维尔纽斯大学,400,海外名校,Vilnius University
加州大学河滨分校,403,海外名校,"University of California, Riverside"
布拉格捷克技术大学,403,海外名校,Czech Technical University in Prague
弗林德斯大学,407,海外名校,Flinders University
台北医科大学,407,海外名校,Taipei Medical University
明斯特大学,411,海外名校,University of Muenster
国立中山大学,412,海外名校,National Sun Yat-Sen University
哈韦里亚纳大学,412,海外名校,Pontificia Universidad Javeriana
拉彭兰塔理工大学,414,海外名校,Lappeenranta University of Technology
拉瓦尔大学,414,海外名校,Université Laval
国油大学,414,海外名校,Universiti Teknologi Petronas
科罗拉多大学-丹佛,414,海外名校,University of Colorado at Denver
坦佩雷大学,414,海外名校,University of Tampere
中央大学,414,海外名校,Chung-Ang University
斯特拉斯堡大学,421,海外名校,Université de Strasbourg
雅典国立技术大学,421,海外名校,National Technical University of Athens
曼海姆大学,423,海外名校,Universität Mannheim
那不勒斯菲里德里克第二大学,424,海外名校,University of Naples - Federico II
威特沃特斯兰德大学,424,海外名校,University of the Witwatersrand
詹姆斯库克大学,424,海外名校,James Cook University
约翰内斯古腾堡美因茨大学,427,海外名校,Johannes Gutenberg University of Mainz
华盛顿州立大学,427,海外名校,Washington State University
维克森林大学,429,海外名校,Wake Forest University
牛津布鲁克斯大学,429,海外名校,Oxford Brookes University
新里斯本大学,431,海外名校,NOVA University Lisbon
伦斯勒理工学院,431,海外名校,Rensselaer Polytechnic Institute
科罗拉多州立大学,431,海外名校,Colorado State University
圣保罗联邦大学,434,海外名校,Federal University of Sao Paulo
约翰内斯堡大学,434,海外名校,University of Johannesburg
堪培拉大学,436,海外名校,University of Canberra
杜兰大学,436,海外名校,Tulane University
埃塞克斯大学,439,海外名校,University of Essex
塞浦路斯大学,440,海外名校,University of Cyprus
特伦托大学,440,海外名校,University of Trento
特罗姆瑟大学挪威北极大学,440,海外名校,University of Tromsø The Arctic University of Norway
斯旺西大学,440,海外名校,Swansea University
伊利诺伊理工学院,444,海外名校,Illinois Institute of Technology
韩国外国语大学,445,海外名校,HUFS - Hankuk (Korea) University of Foreign Studies
开罗美国大学,445,海外名校,The American University in Cairo
萨尔大学,447,海外名校,Saarland University
乌姆古拉大学,447,海外名校,Umm Al-Qura University
莱比锡大学,447,海外名校,Universität  Leipzig
米兰 - 比可卡大学,450,海外名校,University of Milan-Bicocca
佛罗伦萨大学,451,海外名校,University of Florence
奥克兰理工大学,451,海外名校,Auckland University of Technology
邦德大学,451,海外名校,Bond University
科英布拉大学,455,海外名校,University of Coimbra
爱荷华大学,455,海外名校,University of Iowa
布兰迪斯大学,455,海外名校,Brandeis University
萨斯喀彻温大学,458,海外名校,University of Saskatchewan
马德里理工大学,459,海外名校,Universidad Politécnica de Madrid
圣加仑大学,459,海外名校,University of St Gallen
马丁·路德·哈勒-威登堡大学,461,海外名校,Martin Luther University of Halle-Wittenberg
科罗拉多矿业大学,461,海外名校,Colorado School of Mines
远东联邦大学,461,海外名校,Far Eastern Federal University
伦敦大学金史密斯学院,461,海外名校,Goldsmiths University London
爱兰加大学,465,海外名校,Airlangga University
阿米尔卡比尔理工大学,465,海外名校,Amirkabir University of Technology
贝尔格拉诺大学,465,海外名校,Universidad de Belgrano
国立台北科技大学,469,海外名校,National Taipei University of Technology
乌拉圭蒙得维的亚大学,469,海外名校,Universidad de Montevideo (UM)
乌拉圭大学,471,海外名校,Universidad ORT Uruguay
斯特灵大学,471,海外名校,University of Stirling
内盖夫本古里安大学,471,海外名校,Ben-Gurion University of the Negev
哈瑟尔特大学,471,海外名校,Hasselt University
佛罗里达州立大学,475,海外名校,Florida State University
密苏里大学,476,海外名校,Mizzou - University of Missouri
德克萨斯大学-达拉斯,477,海外名校,The University of Texas at Dallas
巴伊兰大学,477,海外名校,Bar-Ilan University
千叶大学,477,海外名校,Chiba University
长庚大学,480,海外名校,Chang Gung University
列日大学,480,海外名校,University of Liege
南哈萨克斯坦大学,482,海外名校,Auezov South Kazakhstan University (SKU)
斯泰伦博斯大学,482,海外名校,Stellenbosch University
韩国天主教大学,482,海外名校,The Catholic University of Korea
都灵大学,485,海外名校,University of Turin
阿斯顿大学,485,海外名校,Aston University
俄罗斯国立科技大学,487,海外名校,The National University of Science and Technology MISIS
横滨市立大学,487,海外名校,Yokohama City University
智利圣地亚哥大学,487,海外名校,Universidad de Santiago de Chile
都柏林城市大学,490,海外名校,Dublin City University
贾森·利比希大学,490,海外名校,Justus Liebig University Giessen
圣保罗州立大学,492,海外名校,UNESP
格拉纳达大学,492,海外名校,University of Granada
罗马第二大学,494,海外名校,University of Roma - Tor Vergata
西悉尼大学,494,海外名校,University of Western Sydney
波士顿学院,494,海外名校,Boston College
基尔大学,751,海外名校,Keele University
东国大学,494,海外名校,Dongguk University
爱荷华州立大学,494,海外名校,Iowa State University
西江大学,494,海外名校,Sogang University
华沙工业大学,501,海外名校,Warsaw University of Technology
艾克斯 - 马赛大学,501,海外名校,Aix-Marseille University
哈瓦那大学,501,海外名校,Universidad de La Habana
康斯坦茨大学,501,海外名校,Universität Konstanz
波尔多大学,501,海外名校,Universite de Bordeaux
德里大学,501,海外名校,University of Delhi
克拉根福大学,501,海外名校,University of Klagenfurt
利默里克大学,501,海外名校,University of Limerick
萨特巴耶夫大学,501,海外名校,Satbayev University
密苏里科技大学,511,海外名校,Missouri University of Science & Technology
新加坡管理大学,511,海外名校,Singapore Management University
茂物农业大学,511,海外名校,IPB University
科奇大学,511,海外名校,Koç University
哈尔科夫大学,511,海外名校,V. N. Karazin Kharkiv National University
韦恩州立大学,511,海外名校,Wayne State University
阿尔卡拉大学,511,海外名校,Universidad de Alcala
马来西亚北方大学,511,海外名校,Universiti Utara Malaysia
巴拉曼德大学,511,海外名校,University of Balamand
中央大学“阿伯勒玛塔”德拉斯别墅,521,海外名校,"Universidad Central ""Marta Abreu"" de Las Villas"
拜罗伊特大学,521,海外名校,University of Bayreuth
东芬兰大学,521,海外名校,University of Eastern Finland
德黑兰大学,521,海外名校,University of Tehran
康考迪亚大学,521,海外名校,Concordia University
阿卜杜勒拉曼费萨尔大学,521,海外名校,Imam Abdulrahman Bin Faisal University
蒙彼利埃大学,521,海外名校,Montpellier University
国立中央大学,521,海外名校,National Central University
理海大学,531,海外名校,Lehigh University
长崎大学,531,海外名校,Nagasaki University
国家研究萨拉托夫州立大学,531,海外名校,National Research Saratov State University
俄勒冈州立大学,531,海外名校,Oregon State University
贝鲁特圣约瑟夫大学,531,海外名校,Saint Joseph University of Beirut (USJ)
南方联邦大学,531,海外名校,Southern Federal University
韩国亚洲大学,531,海外名校,Ajou University
一桥大学,531,海外名校,Hitotsubashi University
里昂国家科学研究院,531,海外名校,Institut National des Sciences Appliquées de Lyon (INSA)
哥斯达黎加大学,531,海外名校,Universidad de Costa Rica
萨拉戈萨大学,531,海外名校,Universidad de Zaragoza
特拉华大学,531,海外名校,University of Delaware
蔚山大学,541,海外名校,University of Ulsan
阿伯里斯特威斯大学,541,海外名校,Aberystwyth University
伊朗科技大学,541,海外名校,Iran University of Science & Technology
庆北国立大学,541,海外名校,Kyungpook National University
新泻大学,541,海外名校,Niigata University
萨班哲大学,541,海外名校,Sabanci University
佐治亚大学,541,海外名校,The University of Georgia
田纳西大学,541,海外名校,"The University of Tennessee, Knoxville"
马萨里克大学,551,海外名校,Masaryk University
中东技术大学,551,海外名校,Middle East Technical University
图卢兹第三大学,551,海外名校,Paul Sabatier University (Toulouse 3)
阿拜哈萨克斯坦国立师范大学,551,海外名校,Abai Kazakh National Pedagogical University
塞萨洛尼基亚里士多德大学,551,海外名校,Aristotle University of Thessaloniki
哈萨克国立农业大学,551,海外名校,Kazakh National Agrarian University KazNAU
塞维利亚大学,551,海外名校,Universidad de Sevilla
泛美大学,551,海外名校,Universidad Panamericana (UP)
米兰圣心天主教大学,551,海外名校,Università Cattolica del Sacro Cuore
塞格德大学,551,海外名校,University of Szeged
帕维亚大学研究学院,561,海外名校,Università degli Studi di Pavia
弗里堡大学,561,海外名校,Université de Fribourg
阿尔泰州立大学,561,海外名校,Altai State University
哈林大学,561,海外名校,Hallym University
仁荷大学,561,海外名校,Inha University
贾瓦哈拉尔尼赫鲁大学,561,海外名校,Jawaharlal Nehru University
布伦瑞克工业大学,561,海外名校,Technical University of Braunschweig
新学院大学,561,海外名校,The New School
大阪市立大学,571,海外名校,Osaka City University
开罗大学,571,海外名校,Cairo University
卡斯里克圣灵大学,571,海外名校,Holy Spirit University of Kaslik
伊万第比利斯国立大学,571,海外名校,Ivane Javakhishvili Tbilisi State University
全北国立大学,571,海外名校,Jeonbuk National University
不来梅大学,571,海外名校,Universität Bremen
瓦伦西亚大学,571,海外名校,Universitat de Valencia
米尼奥大学,571,海外名校,University of Minho
内布拉斯加大学-林肯,571,海外名校,University of Nebraska - Lincoln
拉普拉塔国立大学,581,海外名校,Universidad Nacional de La Plata (UNLP)
圭尔夫大学,581,海外名校,University of Guelph
南佛罗里达大学,581,海外名校,University of South Florida
黎巴嫩美国大学,581,海外名校,Lebanese American University
香港岭南大学,581,海外名校,"Lingnan University, Hong Kong"
默多克大学,581,海外名校,Murdoch University
冈山大学,581,海外名校,Okayama University
萨马拉国立研究大学（Samara University）,581,海外名校,Samara National Research University (Samara University)
国立政治大学,591,海外名校,National Chengchi University
Savitribai普鲁大学,591,海外名校,Savitribai Phule Pune University
索非亚大学,591,海外名校,Sofia University
哥伦比亚外事大学,591,海外名校,Universidad Externado de Colombia
雷根斯堡大学,591,海外名校,Universität Regensburg
魁北克大学,591,海外名校,Université du Québec
德布勒森大学,591,海外名校,University of Debrecen
卢布尔雅那大学,591,海外名校,University of Ljubljana
巴林应用科学大学,591,海外名校,Applied Science University - Bahrain
比尔肯特大学,591,海外名校,Bilkent University
印度理工学院海德拉巴,591,海外名校,Indian Institute of Technology Hyderabad
熊本大学,591,海外名校,Kumamoto University
阿博大学,601,海外名校,Abo Akademi University
迪拜美国大学,601,海外名校,American University in Dubai
马尼拉雅典大学,601,海外名校,Ateneo de Manila University
班戈大学,601,海外名校,Bangor University
迪拜加拿大大学,601,海外名校,Canadian University Dubai
卡尔顿大学,601,海外名校,Carleton University
中央昆士兰大学,601,海外名校,Central Queensland University
清迈大学,601,海外名校,Chiang Mai University
克拉克大学,601,海外名校,Clark University
科米利亚斯宗座大学,601,海外名校,Comillas Pontifical University
考文垂大学,601,海外名校,Coventry University
岐阜大学,601,海外名校,Gifu University
金泽大学,601,海外名校,Kanazawa University
金斯顿大学,601,海外名校,Kingston University
建国大学,601,海外名校,Konkuk University
墨西哥阿那瓦克大学,601,海外名校,Universidad Anáhuac México
康塞普西翁大学,601,海外名校,Universidad de Concepción
布宜诺斯艾利斯省中央大学 (UNICEN,601,海外名校,Universidad Nacional del Centro de la Provincia de Buenos Aires (UNICEN)
拉蒙鲁尔大学,601,海外名校,Universitat Ramon Llull
霍恩海姆大学,601,海外名校,University Hohenheim
阿威罗大学,601,海外名校,University of Aveiro
辛辛那提大学,601,海外名校,University of Cincinnati
热那亚大学,601,海外名校,University of Genoa
曼尼托巴大学,601,海外名校,University of Manitoba
普利茅斯大学,601,海外名校,University of Plymouth
比勒陀利亚大学,601,海外名校,University of Pretoria
沙迦大学,601,海外名校,University of Sharjah
锡耶纳大学,601,海外名校,University of Siena
南卡罗来纳大学,601,海外名校,University of South Carolina
汉诺威莱布尼兹大学,601,海外名校,Leibniz University Hannover
管理科学大学,601,海外名校,Management and Science University
南京科技大学,601,海外名校,Nanjing University of Science & Technology
帕拉茨基大学,601,海外名校,Palacky University Olomouc
Pavol JozefŠafárikUniversity位于科希策,601,海外名校,Pavol Jozef Šafárik University in Košice
釜山国立大学,601,海外名校,Pusan National University
S.D.阿斯芬迪亚罗夫哈萨克国立医科大学,601,海外名校,S.D. Asfendiyarov Kazakh National Medical University
世宗大学,601,海外名校,Sejong University
深圳大学,601,海外名校,Shenzhen University
史密斯学院,601,海外名校,Smith College
基辅国立大学,601,海外名校,Taras Shevchenko National University Kiev
法政大学,601,海外名校,Thammasat University
约旦大学,601,海外名校,The University of Jordan
东京农工大学,601,海外名校,Tokyo University of Agriculture and Technology
巴黎第二大学,601,海外名校,University Paris 2 Panthéon-Assas
扎耶德大学,651,海外名校,Zayed University
安蒂奥基亚大学,651,海外名校,Universidad de Antioquia
ICESI大学,651,海外名校,Universidad ICESI
秘鲁秘鲁卡耶塔诺大学,651,海外名校,Universidad Peruana Cayetano Heredia
玻利瓦尔纳天主教大学,651,海外名校,Universidad Pontificia Bolivariana
罗斯托克大学,651,海外名校,Universität Rostock
克劳德·伯纳德·里昂大学,651,海外名校,Université Claude Bernard Lyon 1
玛拉工艺大学,651,海外名校,Universiti Teknologi MARA - UiTM
克里特岛大学,651,海外名校,University of Crete
赫尔大学,651,海外名校,University of Hull
海德拉巴大学,651,海外名校,University of Hyderabad
肯塔基大学,651,海外名校,University of Kentucky
马萨诸塞大学波士顿分校,651,海外名校,University of Massachusetts Boston
蒙斯大学,651,海外名校,University of Mons
新不伦瑞克大学,651,海外名校,University of New Brunswick
俄克拉荷马大学,651,海外名校,University of Oklahoma
俄勒冈大学,651,海外名校,University of Oregon
佩奇大学,651,海外名校,University of Pecs
朴茨茅斯大学,651,海外名校,University of Portsmouth
萨拉曼卡大学,651,海外名校,University of Salamanca
的里雅斯特大学,651,海外名校,University of Trieste
佛蒙特大学,651,海外名校,University of Vermont
美利坚大学,651,海外名校,American University
威廉与玛丽学院,651,海外名校,College of William and Mary
布拉迪斯拉发的夸美纽斯大学,651,海外名校,Comenius University in Bratislava
德雷塞尔大学,651,海外名校,Drexel University
伊迪丝科文大学,651,海外名校,Edith Cowan University
罗兰大学,651,海外名校,Eotvos Lorand University
米纳斯吉拉斯州联邦大学,651,海外名校,Universidade Federal de Minas Gerais
博尔扎诺自由大学,651,海外名校,Free University of Bozen-Bolzano
霍华德大学,651,海外名校,Howard University
伊曼纽尔·康德波罗的海联邦大学,651,海外名校,Immanuel Kant Baltic Federal University
马来西亚国际伊斯兰大学,651,海外名校,International Islamic University Malaysia
迦达浦大学,651,海外名校,Jadavpur University
鹿儿岛大学,651,海外名校,Kagoshima University
卡尔·弗朗岑斯大学格拉茨大学,651,海外名校,Karl-Franzens-Universitaet Graz
哈立德国王大学,651,海外名校,King Khalid University
拉合尔管理科学大学,651,海外名校,Lahore University of Management Sciences
洛巴切夫斯基大学,651,海外名校,Lobachevsky University
澳门科技大学,651,海外名校,Macau University of Science & Technology
密歇根理工大学,651,海外名校,Michigan Technological University
雅典大学,651,海外名校,National and Kapodistrian University of Athens
国立中兴大学,651,海外名校,National Chung Hsing University
国立哈尔科夫工业大学,651,海外名校,"National Technical University  ""Kharkiv Polytechnic Institute"""
里约热内卢天主教大学,651,海外名校,Pontifícia Universidade Católica do Rio de Janeiro
谢切诺夫大学,651,海外名校,Sechenov University
双威大学,651,海外名校,Sunway University
雪城大学,651,海外名校,Syracuse University
新墨西哥大学-阿尔伯克基,651,海外名校,The University of New Mexico - Albuquerque
德岛大学,651,海外名校,Tokushima University
阿尔斯特大学,651,海外名校,Ulster University
黎巴嫩大学,701,海外名校,Lebanese University
米德尔塞克斯大学,701,海外名校,Middlesex University
乌克兰国立技术大学 – 伊戈尔·西科斯基基辅理工学院,701,海外名校,National Technical University of Ukraine – Igor Sikorsky Kyiv Poly
新泽西理工大学,701,海外名校,New Jersey Institute of Technology
诺桑比亚大学,701,海外名校,Northumbria University
印度金德而全球大学,701,海外名校,O.P. Jindal Global University
大阪府大学,701,海外名校,Osaka Prefecture University
马尔堡菲尔兹大学,701,海外名校,Philipps University of Marburg
普列汉诺夫俄罗斯经济大学,701,海外名校,Plekhanov Russian University of Economics
巴里理工大学,701,海外名校,Politecnico di Bari
穆罕默德·本·法赫德王子大学,701,海外名校,Prince Mohammad Bin Fahd university
罗维拉-威尔吉利大学,701,海外名校,Rovira i Virgili University
圣彼得堡国立电子科技大学,701,海外名校,Saint Petersburg Electrotechnical University ETU-LETI
史蒂文斯理工学院,701,海外名校,Stevens Institute of Technology
苏美州立大学,701,海外名校,Sumy State University
东京都立大学,701,海外名校,Tokyo Metropolitan University
乌法国立航空技术大学,701,海外名校,Ufa State Aviation Technical University
委内瑞拉中央大学,701,海外名校,Universidad Central de Venezuela
萨瓦纳大学,701,海外名校,Universidad de La Sabana
圣安德烈斯大学,701,海外名校,Universidad de San Andrés - UdeSA
伊比利亚美洲大学,701,海外名校,Universidad Iberoamericana IBERO
圣地亚哥德孔波斯特拉大学,701,海外名校,Universidade de Santiago de Compostela
波茨坦大学,701,海外名校,Universität Potsdam
蔚蓝海岸大学,701,海外名校,Université Côte d'Azur
苏塞大学,701,海外名校,Université de Sousse
布拉德福德大学,701,海外名校,University of Bradford
海法大学,701,海外名校,University of Haifa
休斯敦大学,701,海外名校,University of Houston
哈德斯菲尔德大学,701,海外名校,University of Huddersfield
摩德纳大学和雷焦艾米利亚,701,海外名校,University of Modena and Reggio Emilia
南昆士兰大学,701,海外名校,University of Southern Queensland
巴斯克大学,701,海外名校,University of the Basque Country
威斯敏斯特大学,701,海外名校,University of Westminster
温莎大学,701,海外名校,University of Windsor
弗吉尼亚联邦大学,701,海外名校,Virginia Commonwealth University
阿布扎比大学,701,海外名校,Abu Dhabi University
阿治曼大学,701,海外名校,Ajman University
艾因大学,701,海外名校,Al Ain University
海峡大学,701,海外名校,Bogaziçi Üniversitesi
布尔诺工业大学,701,海外名校,Brno University of Technology
查尔斯达尔文大学,701,海外名校,Charles Darwin University
纽约城市大学,701,海外名校,City University of New York
群马大学,701,海外名校,Gunma University
印度理工学院布巴内斯瓦尔,701,海外名校,Indian Institute of Technology Bhubaneswar
布宜诺斯艾利斯技术大学,701,海外名校,Instituto Tecnológico de Buenos Aires (ITBA)
伊斯坦布尔理工大学,701,海外名校,Istanbul Technical University
约夫大学,701,海外名校,Jouf University
阿道夫·伊巴涅斯大学,751,海外名校,Adolfo Ibáñez University
中东美国大学,751,海外名校,American University of the Middle East
白俄罗斯国立技术大学（BNTU）,751,海外名校,Belarusian National Technical University (BNTU)
布雷西亚大学,751,海外名校,Brescia University
全南国立大学,751,海外名校,Chonnam National University
忠南国立大学,751,海外名校,Chungnam National University
克拉克森大学,751,海外名校,Clarkson University
檀国大学,751,海外名校,Dankook University
南里奥格兰德联邦大学,751,海外名校,Federal University of Rio Grande do Sul
佐治亚州立大学,751,海外名校,Georgia State University
杜塞尔多夫大学,751,海外名校,Heinrich Heine University Duesseldorf
印尼泗水理工大学,751,海外名校,Institut Teknologi Sepuluh Nopember
国立理工学院 (IPN),751,海外名校,Instituto Politécnico Nacional (IPN)
墨西哥自治技术学院,751,海外名校,Instituto Tecnológico Autónomo de México (ITAM)
印度新德里国立伊斯兰大学,751,海外名校,Jamia Millia Islamia
卡拉干达国立技术大学,751,海外名校,Karaganda State Technical University
República大学（乌德拉尔）,751,海外名校,Universidad de la República (Udelar)
罗萨里奥大学,751,海外名校,Universidad del Rosario
基多圣弗朗西斯科大学,751,海外名校,Universidad San Francisco de Quito
托拉卡托迪泰拉大学,751,海外名校,Universidad Torcuato Di Tella
佩鲁贾研究大学,751,海外名校,Università degli Studi di Perugia
舍布鲁克大学,751,海外名校,Université de Sherbrooke
国能大学,751,海外名校,Universiti Tenaga Nasional (UNITEN)
中佛罗里达大学,751,海外名校,University of Central Florida
丹佛大学,751,海外名校,University of Denver
格林威治大学,751,海外名校,University of Greenwich
马里兰大学巴尔的摩,751,海外名校,"University of Maryland, Baltimore County"
萨格勒布大学,751,海外名校,University of Zagreb
曼尼珀尔高等教育学院,751,海外名校,Manipal Academy of Higher Education
梅努斯大学,751,海外名校,Maynooth University
纽芬兰纪念大学,751,海外名校,Memorial University of Newfoundland
瓦尔帕莱索天主教大学,751,海外名校,Pontificia Universidad Catolica de Valparaiso
努拉·本·公主阿卜杜勒拉曼大学,751,海外名校,Princess Nourah bint Abdulrahman University
里加技术大学,751,海外名校,Riga Technical University
立命馆大学,751,海外名校,Ritsumeikan University
设拉子大学,751,海外名校,Shiraz University
南十字大学,751,海外名校,Southern Cross University
纽约州立大学奥尔巴尼分校,751,海外名校,State University of New York Albany
塔林科技大学,751,海外名校,Tallinn University of Technology
天普大学,751,海外名校,Temple University
维尔纽斯Gediminas技术大学,751,海外名校,Vilnius Gediminas Technical University
伍斯特理工学院,751,海外名校,Worcester Polytechnic Institute
越南国立大学胡志明市,801,海外名校,Viet Nam National University Ho Chi Minh City (VNU-HCM)
越南河内国立大学,801,海外名校,Vietnam National University Hanoi
维陶塔斯·马格努斯大学,801,海外名校,Vytautas Magnus University
西弗吉尼亚大学,801,海外名校,West Virginia University
弗罗茨瓦夫科技大学,801,海外名校,Wroclaw University of Science and Technology
西交利物浦大学,801,海外名校,Xi‘an Jiaotong-Liverpool University
山口大学,801,海外名校,Yamaguchi University
埃里温州立大学,801,海外名校,Yerevan State University
岭南大学,801,海外名校,Yeungnam University
横滨国立大学,801,海外名校,Yokohama National University
查平戈自治大学,801,海外名校,Universidad Autónoma de Chapingo
伊达尔戈自治大学,801,海外名校,Universidad Autónoma del Estado de Hidalgo
墨西哥自治大学,801,海外名校,Universidad Autonoma del Estado de Mexico
大都会大学（UAM）,801,海外名校,Universidad Autónoma Metropolitana (UAM)
卡塔利卡大学安德烈斯·贝洛大学,801,海外名校,Universidad Católica Andres Bello
乌拉圭卡托利卡大学（UCU）,801,海外名校,Universidad Católica del Uruguay (UCU)
瓜达拉哈拉大学,801,海外名校,Universidad de Guadalajara
美洲普埃布拉大学（UDLAP）,801,海外名校,Universidad de las Américas Puebla (UDLAP)
洛斯安第斯大学-（ULA）梅里达,801,海外名校,Universidad de Los Andes - (ULA) Mérida
洛斯安第斯大学-智利,801,海外名校,Universidad de los Andes - Chile
奥维耶多大学,801,海外名校,Universidad de Oviedo
瓦莱大学,801,海外名校,Universidad del Valle
圣地亚哥大学门户网站,801,海外名校,University Diego Portales
EAFIT大学,801,海外名校,Universidad EAFIT
国立圣路易斯大学,801,海外名校,Universidad Nacional de San Luis
圣马科斯国立大学市长,801,海外名校,Universidad Nacional Mayor de San Marcos
西蒙玻利瓦尔大学（USB）,801,海外名校,Universidad Simón Bolívar (USB)
巴拿马巴拿马技术大学（UTP）,801,海外名校,Universidad Tecnológica de Panamá (UTP)
全国技术大学（UTN）,801,海外名校,Universidad Tecnológica Nacional (UTN)
卡图里卡葡萄牙大学-UCP,801,海外名校,Universidade Católica Portuguesa - UCP
拉科鲁尼亚大学,801,海外名校,Universidade da Coruna
巴西利亚大学,801,海外名校,Universidade de Brasília
费拉拉大学,801,海外名校,Universita' degli Studi di Ferrara
乌迪内大学研究,801,海外名校,Università degli Studi di Udine
意大利马尔凯理工大学,801,海外名校,Universita' Politecnica delle Marche
帕贾扎兰大学,801,海外名校,Universitas Padjadjaran
杜伊斯堡 - 埃森大学,801,海外名校,University of Duisburg-Essen
里尔大学,801,海外名校,Université de Lille
洛林大学,801,海外名校,Universite de Lorraine
南特大学,801,海外名校,Université de Nantes
雷恩第一大学,801,海外名校,Université de Rennes 1
图卢兹大学1 Capitole,801,海外名校,Université Toulouse 1 Capitole
吉隆坡大学,801,海外名校,Universiti Kuala Lumpur
马来西亚彭亨大学,801,海外名校,Universiti Malaysia Pahang
马来西亚玻璃市大学,801,海外名校,Universiti Malaysia Perlis
拉曼大学,801,海外名校,Universiti Tunku Abdul Rahman (UTAR)
阿利坎特大学,801,海外名校,University of Alicante
巴格达大学,801,海外名校,University of Baghdad
巴林大学,801,海外名校,University of Bahrain
巴里大学,801,海外名校,University of Bari
布莱顿大学,801,海外名校,University of Brighton
加尔各答大学,801,海外名校,University of Calcutta
中央兰开夏大学,801,海外名校,University of Central Lancashire
达卡大学,801,海外名校,University of Dhaka
东伦敦大学,801,海外名校,University of East London
拉合尔工程技术大学（UET）,801,海外名校,University of Engineering & Technology (UET) Lahore
格但斯克大学,801,海外名校,University of Gdansk
哈特福德大学,801,海外名校,University of Hartford
赫特福德大学,801,海外名校,University of Hertfordshire
赫拉德茨克拉洛夫大学,801,海外名校,University of Hradec Kralove
夸祖鲁纳塔尔大学,801,海外名校,University of KwaZulu Natal
罗兹大学,801,海外名校,University of Lodz
马耳他大学,801,海外名校,University of Malta
马里博尔大学,801,海外名校,University of Maribor
墨西拿大学,801,海外名校,University of Messina
密西西比大学,801,海外名校,University of Mississippi
密苏里大学堪萨斯城分校,801,海外名校,"University of Missouri, Kansas City"
穆尔西亚大学,801,海外名校,University of Murcia
新英格兰大学,801,海外名校,University of New England
新罕布什尔大学,801,海外名校,University of New Hampshire
帕尔马大学,801,海外名校,University of Parma
帕特雷大学,801,海外名校,University of Patras
萨勒诺大学,801,海外名校,University of Salerno
索尔福德大学,801,海外名校,University of Salford
首尔大学,801,海外名校,University of Seoul
旁遮普大学,801,海外名校,University of the Punjab
英格兰西部大学,801,海外名校,University of the West of England
塔尔萨大学,801,海外名校,University of Tulsa
秋明大学,801,海外名校,University of Tyumen
维罗纳大学,801,海外名校,University of Verona
威斯康星大学-密尔沃基,801,海外名校,University of Wisconsin - Milwaukee
弗罗茨瓦夫大学,801,海外名校,University of Wroclaw
怀俄明大学,801,海外名校,University of Wyoming
齐里纳大学,801,海外名校,University of Žilina
Y.A.院士布克托夫卡拉干达大学,801,海外名校,Academician Y.A. Buketov Karaganda University
亚当·米基维奇大学,801,海外名校,Adam Mickiewicz University
AGH科技大学,801,海外名校,AGH University of Science & Technology
艾恩夏姆斯大学,801,海外名校,Ain Shams University
安卡拉大学,801,海外名校,Ankara Üniversitesi
安娜大学,801,海外名校,Anna University
奥本大学,801,海外名校,Auburn University
澳洲天主教大学,801,海外名校,Australian Catholic University
孟加拉国工程技术大学,801,海外名校,Bangladesh University of Engineering and Technology
贝鲁特阿拉伯大学,801,海外名校,Beirut Arab University
比勒费尔德大学,801,海外名校,Bielefeld University
纽约州立大学宾汉姆顿大学,801,海外名校,Binghamton University
布达佩斯科技经济大学,801,海外名校,Budapest University of Technology & Economics
威尼斯福斯卡里宫大学,801,海外名校,Ca’ Foscari University of Venice
卡塔尼亚大学,801,海外名校,Catania University
查尔斯斯特大学,801,海外名校,Charles Sturt University
克莱姆森大学,801,海外名校,Clemson University
布达佩斯科维努斯大学,801,海外名校,Corvinus University of Budapest
克拉科夫工业大学,801,海外名校,Cracow University of Technology
CY塞尔吉巴黎大学,801,海外名校,CY Cergy Paris Université
布拉格捷克生命科学大学,801,海外名校,Czech University of Life Sciences in Prague
德拉萨大学,801,海外名校,De La Salle University
德蒙福特大学,801,海外名校,De Montfort University
多特蒙德工业大学,801,海外名校,Technical University of Dortmund
爱丁堡纳皮尔大学,801,海外名校,Edinburgh Napier University
巴拉那联邦大学,801,海外名校,Federal University of Parana
伯南布哥联邦大学,801,海外名校,Federal University of Pernambuco
圣卡塔琳娜联邦大学,801,海外名校,Federal University of Santa Catarina
圣卡洛斯联邦大学,801,海外名校,Federal University of Sao Carlos
费德里科圣玛丽亚技术大学,801,海外名校,Federico Santa María Technical University
俄罗斯联邦政府金融大学,801,海外名校,Financial University under the Government of the Russian Federation
佛罗里达国际大学,801,海外名校,Florida International University
福特汉姆大学,801,海外名校,Fordham University
格但斯克工业大学,801,海外名校,Gdansk University of Technology
乔治梅森大学,801,海外名校,George Mason University
德国约旦大学,801,海外名校,German Jordanian University
海湾科技大学,801,海外名校,Gulf University for Science and Technology
哈斯特帕大学,801,海外名校,Hacettepe University
印第安纳大学-印第安纳波利斯,801,海外名校,Indiana University-Purdue University at Indianapolis
国际基督教大学,801,海外名校,International Christian University
麦地那伊斯兰大学,801,海外名校,Islamic University of Madinah
伊斯坦布尔大学,801,海外名校,Istanbul University
约旦科技大学,801,海外名校,Jordan University of Science & Technology
堪萨斯州立大学,801,海外名校,Kansas State University
卡塞萨特大学,801,海外名校,Kasetsart University
考纳斯工业大学,801,海外名校,Kaunas University of Technology
哈萨克阿布赖汗国际关系与世界语言大学,801,海外名校,Kazakh Ablai Khan University of International Relations and World Languages
哈萨克斯坦-英国技术大学,801,海外名校,Kazakh-British Technical University
喀山国立研究技术大学,801,海外名校,Kazan National Research Technical University
孔敬大学,801,海外名校,Khon Kaen University
费萨尔国王大学,801,海外名校,King Faisal University
泰国国王科技大学,801,海外名校,King Mongkut’s University of Technology Thonburi
京都工业大学,801,海外名校,Kyoto Institute of Technology
九州工业大学,801,海外名校,Kyushu Institute of Technology
利物浦约翰摩尔斯大学,801,海外名校,Liverpool John Moores University
罗兹工业大学,801,海外名校,Lodz University of Technology
伦敦都会大学,801,海外名校,London Metropolitan University
伦敦南岸大学,801,海外名校,London South Bank University
路易斯安那州立大学,801,海外名校,Louisiana State University
芝加哥洛约拉大学,801,海外名校,Loyola University Chicago
利沃夫理工大学,801,海外名校,Lviv Polytechnic National University
曼彻斯特城市大学,801,海外名校,Manchester Metropolitan University
布尔诺的孟德尔大学,801,海外名校,Mendel University Brno
门捷列夫化工大学,801,海外名校,Mendeleev University of Chemical Technology
国立中正大学,801,海外名校,National Chung Cheng University
科尔多瓦国立大学,801,海外名校,National University of Cordoba
罗萨里奥国立大学,801,海外名校,National University of Rosario
尼古拉·哥白尼大学,801,海外名校,Nicolaus Copernicus University
NJSC KIMEP大学,801,海外名校,NJSC KIMEP University
诺丁汉特伦特大学,801,海外名校,Nottingham Trent University
新西伯利亚国立技术大学,801,海外名校,Novosibirsk State Technical University
俄克拉荷马州立大学,801,海外名校,Oklahoma State University
萨尔茨堡巴黎罗德隆大学,801,海外名校,Paris Lodron University of Salzburg
那不勒斯帕斯诺普大学,801,海外名校,Parthenope University Naples
彼尔姆国立研究大学,801,海外名校,Perm State National Research University
本地治里大学,801,海外名校,Pondicherry University
圣保罗天主教大学,801,海外名校,Pontifícia Universidade Católica de São Paulo
波兹南理工大学,801,海外名校,Poznan University of Technology
宋卡王子大学,801,海外名校,Prince of Songkla University
苏美亚公主科技大学,801,海外名校,Princess Sumaya University for Technology
卡西姆大学,801,海外名校,Qassim University
英国爱丁堡玛格丽特女王大学,801,海外名校,"Queen Margaret University , Edinburgh"
罗得大学,801,海外名校,Rhodes University
里加斯特拉丁斯大学,801,海外名校,Riga Stradins University
罗伯特·戈登大学,801,海外名校,Robert Gordon University
罗马特雷大学,801,海外名校,Roma Tre University
俄罗斯总统国民经济与公共行政学院,801,海外名校,Russian Presidential Academy of National Economy and Public Admini
罗格斯大学纽瓦克分校,801,海外名校,Rutgers University - Newark
瑞尔森大学,801,海外名校,Ryerson University
西雅图大学,801,海外名校,Seattle University
信州大学,801,海外名校,Shinshu University
Siksha'O'Anusandhan,801,海外名校,Siksha ‘O’ Anusandhan
西里西亚工业大学,801,海外名校,Silesian University of Technology
斯洛伐克工业大学布拉迪斯拉发,801,海外名校,Slovak University of Technology Bratislava
上智大学,801,海外名校,Sophia University
南乌拉尔州立大学,801,海外名校,South Ural State University
南卫理公会大学,801,海外名校,Southern Methodist University
塞切尼伊斯特万大学,801,海外名校,Széchenyi István University
圣伊斯特万大学,801,海外名校,Szent Istvan University
科希策技术大学,801,海外名校,Technical University of Kosice
利贝雷茨技术大学,801,海外名校,Technical University of Liberec
都柏林科技大学,801,海外名校,Technological University Dublin
哥斯达黎加技术中心（TECN）,801,海外名校,Tecnológico de Costa Rica -TEC
德克萨斯理工大学,801,海外名校,Texas Tech University
阿拉巴马大学,801,海外名校,The University of Alabama
阿尔伯塔大学,126,海外名校,
加州艺术学院,1,海外名校,California Institute of the Arts
萨凡纳艺术学院,2,海外名校,Savannah College of Art and Design
瑞格林艺术设计学院,3,海外名校,Ringling College of Art and Design
纽约视觉艺术学院,4,海外名校,School of Visual Art
谢尔丹学院,6,海外名校,Sheridan College
伯恩茅斯大学,7,海外名校,Bournemouth University
提赛德大学,8,海外名校,Teesside University
高布兰学院,9,海外名校,Gobelins
